Workbook

Sheet ODS
B2: ORDEN DE SERVICIOS
B3: GUIA | C3: NATALIA CAMARGO
B4: FILE: | C4: CTFI106303
B5: REF: | C5: BUCHANAN x 02 REF: EAK1K4
B6: N° PAX: | C6: 2
B7: HOTEL: | C7: EUROPA
B8: FECHA | C8: HORA | D8: SERVICIO | E8: VUELO | F8: GUIA | G8: BUS | H8: CHOFER | I8: OBSERVACIONES
F9: =IF(D9="","",LEFT(#REF!, SEARCH(" ",#REF!)-1)) | I9: =IF(E9="","",VLOOKUP(E9, [1]Vuelos!A:C, 3, FALSE))
F10: =IF(D10="","",LEFT($C$3, SEARCH(" ", $C$3)-1)) | I10: =IF(E10="","",VLOOKUP(E10, Vuelos!A:C, 3, FALSE))
B11: 45871 | C11: 0.3125 | D11: TRF IN | E11: LA 890 * | F11: =IF(D11="","",LEFT($C$3, SEARCH(" ", $C$3)-1)) -> NATALIA | G11: 8 | H11: JHONNY | I11: =IF(E11="","",VLOOKUP(E11, Vuelos!A:C, 3, FALSE)) -> VUELO LLEGA 08:34 SCL/LP
F12: =IF(D12="","",LEFT($C$3, SEARCH(" ", $C$3)-1)) | I12: PAX TIENEN PRE NOCHE
F13: =IF(D13="","",LEFT($C$3, SEARCH(" ", $C$3)-1)) | I13: =IF(E13="","",VLOOKUP(E13, Vuelos!A:C, 3, FALSE))
C14: 0.58333333 | D14: HD CITY+TELEFERICO+VALLE | F14: =IF(D14="","",LEFT($C$3, SEARCH(" ", $C$3)-1)) -> NATALIA | G14: 8 | H14: JHONNY
F15: =IF(D15="","",LEFT($C$3, SEARCH(" ", $C$3)-1)) | I15: =IF(E15="","",VLOOKUP(E15, Vuelos!A:C, 3, FALSE))
F16: =IF(D16="","",LEFT($C$3, SEARCH(" ", $C$3)-1)) | I16: =IF(E16="","",VLOOKUP(E16, Vuelos!A:C, 3, FALSE))
D17: CENA | F17: =IF(D17="","",LEFT($C$3, SEARCH(" ", $C$3)-1)) -> NATALIA | G17: 8 | H17: JHONNY | I17: MANQA
F18: =IF(D18="","",LEFT($C$3, SEARCH(" ", $C$3)-1)) | I18: =IF(E18="","",VLOOKUP(E18, Vuelos!A:C, 3, FALSE))
F19: =IF(D19="","",LEFT($C$3, SEARCH(" ", $C$3)-1)) | I19: =IF(E19="","",VLOOKUP(E19, Vuelos!A:C, 3, FALSE))
B20: 45872 | C20: 0.17708333 | D20: TRF OUT | E20: OB 960/580 | F20: =IF(D20="","",LEFT($C$3, SEARCH(" ", $C$3)-1)) -> NATALIA | G20: 8 | H20: JHONNY | I20: =IF(E20="","",VLOOKUP(E20, Vuelos!A:C, 3, FALSE)) -> VUELO SALE 06:20 LPB/VVI/SRE
F21: =IF(D21="","",LEFT($C$3, SEARCH(" ", $C$3)-1)) | I21: =IF(E21="","",VLOOKUP(E21, Vuelos!A:C, 3, FALSE))
F22: =IF(D22="","",LEFT($C$3, SEARCH(" ", $C$3)-1)) | I22: =IF(E22="","",VLOOKUP(E22, Vuelos!A:C, 3, FALSE))
B23: OBSERVACIONES:
B26: NOTA: | C26: LA CAJA CHICA CUBRE 1 BOTELLA DE AGUA POR DÍA PARA CADA PAX, GUÍA Y CHOFER. NO INCLUYE TRANSFERS NI SERVICIOS EN EL LAGO.
C27: TODOS LOS GUÍAS DEBEN ENVIAR UN INFORME DIARIO POR WHATSAPP A LA SEÑORA JUDITH SOBRE LOS SERVICIOS REALIZADOS
C28: GUIA DEBE PRESENTAR COPIA DE PASAPORTE DE PAX DESPUES DE CADA SERVICIO JUNTO A SU LIQUIDACION Y CAJA CHICA

Sheet Guias
A1: Lista de Guías.
A2: SIN GUIA
A3: ABRAHAM ALVAREZ
A4: ADALID GUTIERREZ
A5: AGUSTIN ECHALAR
A6: ANA SPIELVOGEL
A7: BLADIMIR PORTUGAL
A8: CAROLA ARCE
A9: CHIKAKO TAKIYA
A10: DANIELA GARCIA
A11: ELAR VERA
A12: GUIDO ALINAS
... A45: PAVEL ARANCIBIA

Sheet Hotel
A1: Lista de Hoteles
A2: SELECCIONAR HOTEL
A3: ATIX
A4: PRESIDENTE
A5: CASA GRANDE
A6: EUROPA
A7: LA CASONA
A8: CASA GRANDE EXPRES
A9: CASA GRANDE SUITES
A10: RITZ
A11: ROSARIO ILLAMPU
A12: GLORIA COPACABANA - PRESIDENTE
... A29: HOTEL SAGARNAGA

Sheet Vuelos
A1: Números de vuelo | B1: HORA | C1: Observaciones | D1: servicio
A2: OB 304 | B2: 0.22916667 | C2: VUELO SALE 07:40 LPB/UYU
A3: OB 305 | B3: 0.375 | C3: VUELO LLEGA 10:15 UYU/LPB
A4: OB 673 | B4: 0.61458333 | C4: VUELO LLEGA 15:55 VVI/LPB
A5: OB 670 | B5: 0.375 | C5: VUELO SALE 11:00 LPB/VVI
A6: OB 569 | B6: 0.875 | C6: VUELO LLEGA 22:05 SRE/LPB
A7: OB 680 | B7: 0.625 | C7: VUELO SALE 17:05 LPB/VVI
A8: OB 977 | B8: 0.78125 | C8: VUELO LLEGA 19:45 EZE/VVI/LPB
A9: OB 561 | B9: 0.35416667 | C9: VUELO LLEGA 09:40 SRE/LPB
A10: OB 960/708 | B10: 0.13541667 | C10: VUELO SALE 06:20 LPB/VVI/EZE
A11: OB 568 | B11: 0.71875 | C11: VUELO SALE A LAS 20:25 LPB/SRE
A12: OB 571/606 | B12: 0.375 | C12: VUELO LLEGA 10:10 SRE/CBB/LPB
A13: OB 571/606 * | B13: 0.35416667 | C13: VUELO LLEGA 10:55 SRE/CBB/LPB
... A94: IB 7795 | B94: 0.5 | C94: VUELO SALE 17:10 LPB/VVI
A97: RJ 85 | C97: VUELO SALE TBA LPB/RBQ
C98: VUELO LLEGA 21:55 SRE/LP

Sheet Actividades
A1: ACTIVIDAD
A2: TRF IN
A3: TRF OUT
A4: FD CITY+TELEFERICO+VALLE
A5: HD CITY+TELEFERICO+VALLE
A6: HD CITY+VALLE
A7: HD CITY+TELEFERICO
A8: LP /I.SOL / I.LUNA / KASANI
A9: I.SOL -KASANI
A10: LP- I.SOL - I.LUNA / OV POSADA
A11: KASANI - I.LUNA - I.SOL / OV POSADA
A12: FD LAGO
... A209: FD COROICO
